info,to_margin,ypp_margin,yds_margin,result
Wake Forest @ Tulane: 23-17,-2,-0.31,-112,0
Albany @ Pittsburgh: 7-33,0,-1.12,-84,1
North Carolina @ California: 17-24,-4,-0.77,-29,1
Richmond @ Virginia: 13-42,-1,1.96,267,1
Florida State @ Notre Dame: 13-42,0,2.47,173,1
Clemson @ Boston College: 27-7,-2,-3.99,-311,0
Louisville vs Alabama: 14-51,-1,3.51,251,1
Miami vs LSU: 17-33,-2,-0.4,-46,1
Virginia Tech @ Florida State: 24-3,5,0.36,8,0
Duke @ Northwestern: 21-7,2,-0.45,80,0
Georgia Tech @ South Florida: 38-49,-2,-2.34,-181,1
Georgia State @ NC State: 7-41,0,2.36,192,1
Towson @ Wake Forest: 20-51,1,2.12,172,1
Holy Cross @ Boston College: 14-62,-1,5.49,416,1
William & Mary @ Virginia Tech: 17-62,-1,3.98,320,1
Wagner @ Syracuse: 10-62,-2,1.81,168,1
North Carolina @ East Carolina: 19-41,0,0.49,115,1
Savannah State @ Miami: 0-77,-2,5.92,416,1
Clemson @ Texas A&M: 28-26,2,-0.04,88,0
Virginia @ Indiana: 16-20,0,1.27,93,1
Army @ Duke: 14-34,-1,1.96,16,1
Syracuse @ Western Michigan: 55-42,1,3.48,61,0
James Madison @ NC State: 13-24,0,0.08,27,1
Penn State @ Pittsburgh: 51-6,1,-1.61,-76,0
Alcorn State @ Georgia Tech: 0-41,1,4.68,397,1
UMass @ Boston College: 21-55,-3,2.45,307,1
Samford @ Florida State: 26-36,-4,-1.04,-71,1
Ohio @ Virginia: 31-45,1,3.08,188,1
Boston College @ Wake Forest: 41-34,1,-2.72,-12,0
Georgia Southern @ Clemson: 7-38,2,5.03,455,1
Western Kentucky @ Louisville: 17-20,0,-0.33,-136,1
Miami @ Toledo: 49-24,1,-0.56,-139,0
Florida State @ Syracuse: 7-30,-1,1.07,201,1
Georgia Tech @ Pittsburgh: 19-24,-1,0.77,-51,1
Duke @ Baylor: 40-27,2,0.01,1,0
Notre Dame @ Wake Forest: 56-27,0,-3.12,-168,0
Pittsburgh @ North Carolina: 35-38,0,1.02,84,1
Boston College @ Purdue: 13-30,-2,1.76,143,1
Clemson @ Georgia Tech: 49-21,-1,-4.1,-277,0
Florida International @ Miami: 17-31,1,2.66,301,1
North Carolina Central @ Duke: 13-55,1,3.01,441,1
Northern Illinois @ Florida State: 19-37,4,1.69,252,1
Virginia Tech @ Old Dominion: 35-49,-1,0.29,32,1
Connecticut @ Syracuse: 21-51,-2,2.35,241,1
Louisville @ Virginia: 3-27,-2,2.41,187,1
North Carolina @ Miami: 10-47,-4,3.31,25,1
NC State @ Marshall: 37-20,2,-1.62,-178,0
Florida State @ Louisville: 28-24,2,-1.29,52,0
Bowling Green @ Georgia Tech: 17-63,-3,4.98,139,1
Syracuse @ Clemson: 23-27,2,1.08,158,1
Virginia Tech @ Duke: 31-14,1,-1.63,-86,0
Virginia @ NC State: 21-35,-2,0.61,82,1
Georgia Tech @ Louisville: 66-31,3,-1.06,-71,0
Temple @ Boston College: 35-45,-1,-1.35,-29,1
Rice @ Wake Forest: 24-56,-1,1.92,44,1
Boston College @ NC State: 23-28,3,-0.23,215,1
Syracuse @ Pittsburgh: 37-44,0,1.35,30,1
Clemson @ Wake Forest: 63-3,0,-6.78,-449,0
Pittsburgh @ UCF: 14-45,-1,2.58,296,1
Notre Dame @ Virginia Tech: 45-23,1,-1.35,3,0
Florida State @ Miami: 27-28,-1,0.85,106,1
Duke @ Georgia Tech: 28-14,0,-0.53,50,0
Louisville @ Boston College: 20-38,1,1.94,213,1
Virginia Tech @ North Carolina: 22-19,0,2.41,149,0
Miami @ Virginia: 13-16,0,-2.12,-108,1
Virginia @ Duke: 28-14,2,-0.18,-56,0
Miami @ Boston College: 14-27,-1,1.28,136,1
Pittsburgh @ Virginia: 23-13,1,-0.8,-69,0
Wake Forest @ NC State: 27-23,-1,-0.8,-14,0
Louisville @ Syracuse: 23-54,-1,0.38,103,1
Georgia Tech @ Virginia Tech: 49-28,1,1.0,-141,0
Georgia Tech @ Georgia: 21-45,1,3.68,228,1
North Carolina @ Syracuse: 37-40,0,1.16,46,1
Pittsburgh @ Wake Forest: 34-13,2,-1.19,-185,0
Syracuse @ Boston College: 42-21,3,-0.93,-204,0
Marshall @ Virginia Tech: 20-41,-2,0.54,2,1
Florida @ Florida State: 41-14,3,-2.28,-243,0
Wake Forest @ Florida State: 17-38,0,3.38,116,1
NC State @ Clemson: 7-41,-2,1.45,174,1
Wake Forest @ Louisville: 56-35,1,-2.3,-59,0
Wake Forest @ Duke: 59-7,4,-2.88,-266,0
East Carolina @ NC State: 3-58,0,5.85,551,1
Louisville @ Clemson: 16-77,-1,7.14,349,1
Georgia Tech @ North Carolina: 38-28,0,-1.85,-191,0
NC State @ North Carolina: 34-28,0,0.45,23,0
NC State @ Syracuse: 41-51,-1,-0.31,20,1
North Carolina @ Virginia: 21-31,0,0.37,88,1
Virginia @ Virginia Tech: 31-34,0,-0.69,29,1
Pittsburgh @ Notre Dame: 14-19,2,0.87,101,1
Clemson @ Florida State: 59-10,1,-3.42,-270,0
North Carolina @ Duke: 35-42,3,0.45,93,1
Liberty @ Virginia: 24-45,-2,1.39,35,1
Syracuse vs Notre Dame: 3-36,-2,3.05,229,1
Duke @ Pittsburgh: 45-54,-1,0.89,15,1
Western Carolina @ North Carolina: 26-49,1,2.2,221,1
Pittsburgh @ Miami: 3-24,1,2.93,145,1
Virginia Tech @ Pittsburgh: 22-52,1,8.89,222,1
Virginia @ Georgia Tech: 27-30,-1,-1.52,-98,1
Boston College @ Virginia Tech: 31-21,1,-0.32,-4,0
Florida State @ NC State: 28-47,-2,-1.13,-28,1
Miami @ Virginia Tech: 38-14,3,-0.28,-4,0
Kentucky @ Louisville: 56-10,-2,-2.25,-299,0
Boston College @ Florida State: 21-22,0,1.52,56,1
South Carolina @ Clemson: 35-56,0,0.09,144,1
Duke @ Clemson: 6-35,0,2.8,197,1
Clemson vs Pittsburgh: 42-10,3,-3.98,-219,0
Duke @ Miami: 20-12,1,1.38,121,0
Miami @ Georgia Tech: 21-27,-2,-0.31,5,1
Missouri State @ Oklahoma State: 17-58,0,3.96,472,1
Florida Atlantic @ Oklahoma: 14-63,-1,6.11,326,1
Southern @ TCU: 7-55,-3,3.19,314,1
Ole Miss vs Texas Tech: 47-27,-1,-3.98,-60,0
Texas vs Maryland: 29-34,-3,-0.31,2,1
West Virginia vs Tennessee: 40-14,-1,-4.19,-246,0
South Dakota @ Kansas State: 24-27,4,1.1,74,1
Oklahoma @ Texas Tech: 51-46,-2,-2.26,-214,0
Nicholls @ Kansas: 26-23,0,-0.8,-74,0
Abilene Christian @ Baylor: 27-55,0,2.51,140,1
TCU @ SMU: 42-12,-1,-2.17,-145,0
Mississippi State @ Kansas State: 31-10,0,-4.35,-325,0
UCLA @ Oklahoma: 21-49,1,1.84,98,1
Kansas @ Central Michigan: 31-7,6,-0.35,-81,0
Rutgers @ Kansas: 14-55,-6,3.17,270,1
Lamar @ Texas Tech: 0-77,-3,5.48,501,1
Oklahoma @ Iowa State: 37-27,0,-0.76,-72,0
Boise State @ Oklahoma State: 21-44,-1,1.81,10,1
Duke @ Baylor: 40-27,2,0.01,1,0
UT San Antonio @ Kansas State: 17-41,1,3.02,149,1
Houston @ Texas Tech: 49-63,1,0.14,69,1
Ohio State vs TCU: 40-28,3,0.15,-15,0
Iowa State @ Iowa: 3-13,-1,0.88,83,1
Youngstown State @ West Virginia: 17-52,0,3.45,332,1
USC @ Texas: 14-37,0,-0.15,77,1
Akron @ Iowa State: 13-26,1,1.15,121,1
Texas @ Texas Tech: 41-34,3,1.63,126,0
Baylor @ UT San Antonio: 37-20,0,-2.54,-239,0
Kansas State @ West Virginia: 6-35,3,2.36,146,1
Kansas @ Baylor: 7-26,0,1.63,175,1
TCU @ Texas: 16-31,-4,-0.4,-5,1
Army @ Oklahoma: 21-28,0,4.47,-24,1
Tulsa @ Texas: 21-28,-1,0.94,125,1
South Alabama @ Oklahoma State: 13-55,2,4.16,403,1
Oklahoma State @ Kansas: 48-28,0,-2.86,-200,0
West Virginia @ Texas Tech: 42-34,3,-1.6,-27,0
Texas @ Kansas State: 19-14,0,-1.67,-122,0
Baylor @ Oklahoma: 33-66,-1,6.36,114,1
Texas Tech @ Oklahoma State: 41-17,0,-0.52,-235,0
Iowa State @ TCU: 14-17,2,0.45,101,1
Kansas @ West Virginia: 22-38,1,1.6,223,1
Iowa State @ Oklahoma State: 48-42,0,-1.81,-50,0
Texas vs Oklahoma: 48-45,2,2.71,34,0
Texas Tech @ TCU: 17-14,2,0.29,58,0
Kansas State @ Baylor: 34-37,-1,-1.68,89,1
Baylor @ West Virginia: 14-58,-4,4.49,283,1
Oklahoma State @ Kansas State: 12-31,-2,0.53,110,1
Baylor @ Texas: 17-23,0,0.37,61,1
West Virginia @ Iowa State: 14-30,0,3.42,325,1
Oklahoma @ TCU: 52-27,1,-2.44,-261,0
Oklahoma @ West Virginia: 59-56,0,-2.45,36,0
Drake @ Iowa State: 24-27,1,-0.65,-6,1
Texas @ Kansas: 24-17,-1,0.05,-1,0
Kansas @ Texas Tech: 16-48,1,2.18,245,1
Baylor vs Texas Tech: 35-24,0,-0.65,-131,0
Texas vs Oklahoma: 27-39,0,0.53,71,1
Kansas @ Kansas State: 17-21,-2,0.16,-46,1
TCU @ West Virginia: 10-47,0,2.98,314,1
Oklahoma State @ Baylor: 31-35,1,0.5,-98,1
Texas Tech @ Iowa State: 31-40,-2,0.93,59,1
Texas @ Oklahoma State: 35-38,0,0.6,111,1
TCU @ Kansas: 26-27,-2,-2.42,-197,1
Kansas State @ Oklahoma: 14-51,-1,5.7,457,1
Kansas State @ TCU: 13-14,-2,0.65,-26,1
Texas Tech @ Kansas State: 6-21,-2,1.6,186,1
Oklahoma State @ Oklahoma: 47-48,-1,1.68,62,1
Baylor @ Iowa State: 14-28,0,-0.08,-150,1
West Virginia @ Oklahoma State: 41-45,3,0.71,51,1
Oklahoma State @ TCU: 24-31,-1,2.15,143,1
Kansas @ Oklahoma: 40-55,2,-0.33,42,1
West Virginia @ Texas: 42-41,0,-0.65,-56,0
Kansas State @ Iowa State: 38-42,2,2.57,65,1
Iowa State @ Texas: 10-24,-1,2.2,192,1
New Mexico State @ Minnesota: 10-48,0,2.97,251,1
Northwestern @ Purdue: 31-27,3,1.57,71,0
Utah State @ Michigan State: 31-38,0,1.04,108,1
Western Kentucky @ Wisconsin: 3-34,-1,2.25,186,1
Texas State @ Rutgers: 7-35,1,2.57,254,1
Kent State @ Illinois: 24-31,-1,1.03,16,1
Oregon State @ Ohio State: 31-77,0,2.07,329,1
Texas vs Maryland: 29-34,-3,-0.31,2,1
Northern Illinois @ Iowa: 7-33,-1,1.42,141,1
Appalachian State @ Penn State: 38-45,-1,-0.44,-17,1
Indiana @ Florida International: 38-28,2,-0.79,-138,0
Michigan @ Notre Dame: 17-24,-1,-0.07,-5,1
New Mexico @ Wisconsin: 14-45,-1,3.98,357,1
Duke @ Northwestern: 21-7,2,-0.45,80,0
Western Michigan @ Michigan: 3-49,-1,5.7,243,1
Eastern Michigan @ Purdue: 20-19,1,0.81,60,0
Rutgers @ Ohio State: 3-52,-2,5.68,425,1
Michigan State @ Arizona State: 13-16,0,-0.21,47,1
Ball State @ Indiana: 10-38,0,0.83,110,1
Temple @ Maryland: 35-14,1,-1.61,-234,0
Troy @ Nebraska: 24-19,1,0.25,111,0
Rutgers @ Kansas: 14-55,-6,3.17,270,1
Kent State @ Penn State: 10-63,1,6.66,446,1
BYU @ Wisconsin: 24-21,1,-0.55,83,0
Miami (OH) @ Minnesota: 3-26,-1,0.53,96,1
SMU @ Michigan: 20-45,0,2.45,115,1
South Florida vs Illinois: 25-19,-1,-2.64,-246,0
Northern Iowa @ Iowa: 14-38,0,2.86,317,1
Colorado @ Nebraska: 33-28,3,2.15,169,0
Iowa State @ Iowa: 3-13,-1,0.88,83,1
Maryland @ Bowling Green: 45-14,0,-5.32,-407,0
Virginia @ Indiana: 16-20,0,1.27,93,1
Fresno State @ Minnesota: 14-21,-1,-0.83,8,1
Western Illinois @ Illinois: 14-34,-3,-0.36,15,1
Penn State @ Pittsburgh: 51-6,1,-1.61,-76,0
Nebraska @ Michigan: 10-56,-1,4.02,359,1
Tulane @ Ohio State: 6-49,0,3.09,314,1
Michigan State @ Indiana: 35-21,-2,-1.44,-49,0
Missouri @ Purdue: 40-37,0,1.82,6,0
Akron @ Northwestern: 39-34,2,-0.51,124,0
Ohio State vs TCU: 40-28,3,0.15,-15,0
Penn State @ Illinois: 63-24,0,-2.92,-180,0
Boston College @ Purdue: 13-30,-2,1.76,143,1
Minnesota @ Maryland: 13-42,-3,4.82,169,1
Buffalo @ Rutgers: 42-13,-2,-3.17,-161,0
Central Michigan @ Michigan State: 20-31,-1,0.49,100,1
Indiana @ Rutgers: 24-17,-1,-0.57,-160,0
Purdue @ Nebraska: 42-28,1,0.65,66,0
Michigan @ Northwestern: 20-17,0,-2.49,-174,0
Ohio State @ Penn State: 27-26,0,1.36,103,0
Wisconsin @ Iowa: 28-17,3,0.83,-38,0
Illinois @ Rutgers: 38-17,3,-1.68,-33,0
Northwestern @ Michigan State: 29-19,-1,-0.09,44,0
Maryland @ Michigan: 21-42,0,2.44,245,1
Iowa @ Minnesota: 48-31,2,-0.54,-100,0
Indiana @ Ohio State: 26-49,1,0.83,204,1
Nebraska @ Wisconsin: 24-41,0,-0.21,15,1
Nebraska @ Northwestern: 31-34,-1,-0.34,5,1
Rutgers @ Maryland: 7-34,-4,3.36,196,1
Iowa @ Indiana: 42-16,1,-2.44,-149,0
Minnesota @ Ohio State: 14-30,-3,-0.46,107,1
Michigan State @ Penn State: 21-17,0,1.49,-22,0
Purdue @ Illinois: 46-7,0,-3.57,-361,0
Indiana @ Minnesota: 31-38,1,2.62,100,1
Northwestern @ Minnesota: 24-14,3,-0.85,-19,0
Nebraska @ Iowa: 28-31,-1,0.11,19,1
Michigan @ Michigan State: 21-7,-1,-3.22,-301,0
Rutgers @ Wisconsin: 17-31,2,1.73,140,1
Purdue @ Indiana: 28-21,0,-0.36,47,0
Michigan State @ Maryland: 24-3,0,-3.35,-256,0
Bethune-Cookman @ Nebraska: 9-45,-1,2.24,113,1
Minnesota @ Nebraska: 28-53,0,2.44,185,1
Penn State @ Rutgers: 20-7,1,-0.94,-88,0
Penn State @ Indiana: 33-28,2,-0.17,132,0
Michigan State @ Nebraska: 6-9,0,0.04,-41,1
Wisconsin @ Michigan: 13-38,-2,0.75,161,1
Wisconsin @ Northwestern: 17-31,0,-0.55,26,1
Illinois @ Nebraska: 35-54,-3,2.03,97,1
Michigan @ Ohio State: 39-62,-1,3.32,166,1
Purdue @ Michigan State: 13-23,-2,-0.51,87,1
Nebraska @ Ohio State: 31-36,2,1.19,31,1
Ohio State @ Michigan State: 26-6,2,0.15,-76,0
Maryland @ Indiana: 32-34,-3,-0.0,-168,1
Ohio State @ Maryland: 52-51,-2,1.23,-153,0
Northwestern vs Ohio State: 24-45,-1,0.83,189,1
Ohio State @ Purdue: 20-49,-1,1.88,-5,1
Maryland @ Iowa: 0-23,-1,1.13,195,1
Northwestern @ Rutgers: 18-15,-1,-0.13,-90,0
Illinois @ Wisconsin: 20-49,-3,1.91,245,1
Purdue @ Minnesota: 10-41,0,3.05,182,1
Maryland @ Penn State: 3-38,1,3.92,306,1
Minnesota @ Wisconsin: 37-15,4,0.45,34,0
Michigan @ Rutgers: 42-7,2,-2.01,-201,0
Iowa @ Purdue: 36-38,2,1.19,41,1
Illinois @ Maryland: 33-63,-1,2.96,219,1
Illinois @ Northwestern: 16-24,-1,-0.33,-64,1
Iowa @ Penn State: 24-30,0,1.02,-23,1
Penn State @ Michigan: 7-42,-3,1.75,219,1
Minnesota @ Illinois: 31-55,1,4.51,208,1
Northwestern @ Iowa: 14-10,0,1.26,27,0
Iowa @ Illinois: 63-0,3,-3.53,-164,0
Indiana @ Michigan: 20-31,-1,1.37,122,1
Rutgers @ Michigan State: 10-14,-1,-0.31,93,1
Wisconsin @ Purdue: 47-44,0,-2.03,-129,0
Notre Dame @ Northwestern: 31-21,-1,-2.66,-215,0
Austin Peay @ Georgia: 0-45,0,5.43,356,1
Northwestern State @ Texas A&M: 7-59,1,2.67,507,1
Coastal Carolina @ South Carolina: 15-49,-1,3.45,319,1
Ole Miss vs Texas Tech: 47-27,-1,-3.98,-60,0
Alabama @ LSU: 29-0,0,-4.02,-380,0
Ole Miss @ Vanderbilt: 29-36,-1,-1.69,-191,1
LSU @ Arkansas: 24-17,1,-1.48,-143,0
Charleston Southern @ Florida: 6-53,-3,2.91,219,1
Middle Tennessee @ Vanderbilt: 7-35,-2,2.26,52,1
Central Michigan @ Kentucky: 20-35,4,2.24,172,1
Washington vs Auburn: 16-21,-2,-1.1,18,1
UT Martin @ Missouri: 14-51,-1,2.46,281,1
Eastern Illinois @ Arkansas: 20-55,-5,2.15,76,1
West Virginia vs Tennessee: 40-14,-1,-4.19,-246,0
Auburn @ Georgia: 10-27,1,2.67,242,1
Stephen F. Austin @ Mississippi State: 6-63,-1,5.45,364,1
Louisville vs Alabama: 14-51,-1,3.51,251,1
Miami vs LSU: 17-33,-2,-0.4,-46,1
Nevada @ Vanderbilt: 10-41,-2,2.5,218,1
Mississippi State @ Kansas State: 31-10,0,-4.35,-325,0
LSU @ Auburn: 22-21,2,0.16,-42,0
Georgia @ South Carolina: 41-17,1,-1.72,-137,0
Southern Illinois @ Ole Miss: 41-76,-3,2.88,17,1
East Tennessee State @ Tennessee: 3-59,-3,3.56,220,1
Southeastern Louisiana @ LSU: 0-31,-3,2.75,81,1
Wyoming @ Missouri: 13-40,0,2.33,353,1
Clemson @ Texas A&M: 28-26,2,-0.04,88,0
Alabama State @ Auburn: 9-63,0,4.56,362,1
Kentucky @ Florida: 27-16,0,-2.59,-94,0
Arkansas @ Colorado State: 27-34,0,0.05,-8,1
Middle Tennessee @ Georgia: 7-49,-2,4.41,196,1
UTEP @ Tennessee: 0-24,2,4.79,378,1
Murray State @ Kentucky: 10-48,-1,2.26,226,1
Vanderbilt @ Notre Dame: 17-22,-3,-0.86,-40,1
Georgia @ Missouri: 43-29,2,-2.44,-52,0
Kent State @ Ole Miss: 17-38,-1,4.04,261,1
Texas A&M @ Alabama: 23-45,-2,3.13,131,1
South Carolina @ Vanderbilt: 37-14,-1,-3.14,-250,0
Mississippi State @ Kentucky: 7-28,0,1.48,94,1
Louisiana Tech @ LSU: 21-38,-1,-0.12,-9,1
Arkansas @ Auburn: 3-34,-2,-0.26,-65,1
Florida @ Tennessee: 47-21,5,-2.71,-24,0
Louisiana @ Alabama: 14-56,-2,4.84,320,1
Arkansas vs Texas A&M: 17-24,1,0.63,129,1
Tennessee State @ Vanderbilt: 27-31,2,2.99,180,1
Tennessee @ Georgia: 12-38,-1,1.42,232,1
Florida @ Mississippi State: 13-6,-1,-1.93,-155,0
Southern Mississippi @ Auburn: 13-24,-2,0.94,81,1
South Carolina @ Kentucky: 10-24,-3,0.02,-13,1
Ole Miss @ LSU: 16-45,1,2.89,245,1
Alabama @ Arkansas: 65-31,3,-5.13,-234,0
Missouri @ South Carolina: 35-37,-1,-1.38,-113,1
Louisiana Monroe @ Ole Miss: 21-70,-2,5.85,399,1
LSU @ Florida: 19-27,-2,0.56,20,1
Kentucky @ Texas A&M: 14-20,2,1.64,212,1
Auburn @ Mississippi State: 9-23,-1,0.5,114,1
Vanderbilt @ Georgia: 13-41,0,3.17,239,1
Tennessee @ Auburn: 30-24,3,-0.22,52,0
Florida @ Vanderbilt: 37-27,-2,-0.47,-240,0
Texas A&M @ South Carolina: 26-23,2,-0.31,-159,0
Georgia @ LSU: 16-36,-4,0.83,153,1
Missouri @ Alabama: 10-39,-2,4.04,352,1
Ole Miss @ Arkansas: 37-33,0,-1.71,-137,0
Tulsa @ Arkansas: 0-23,0,0.54,67,1
Auburn @ Ole Miss: 31-16,0,-1.92,-37,0
Mississippi State @ Ole Miss: 35-3,3,-2.59,-231,0
Georgia Tech @ Georgia: 21-45,1,3.68,228,1
Colorado State @ Florida: 10-48,-2,4.02,31,1
Middle Tennessee @ Kentucky: 23-34,-2,0.48,-68,1
North Texas @ Arkansas: 44-17,5,-0.65,-40,0
Florida @ Florida State: 41-14,3,-2.28,-243,0
Akron @ South Carolina: 3-28,1,2.62,124,1
Texas A&M @ Mississippi State: 13-28,-1,2.94,91,1
South Carolina @ Florida: 31-35,0,0.33,142,1
Memphis @ Missouri: 33-65,-2,3.93,248,1
Vanderbilt @ Missouri: 28-33,2,-0.98,41,1
Idaho @ Florida: 10-63,-1,4.26,373,1
Arkansas @ Missouri: 0-38,-1,2.99,221,1
Vanderbilt @ Arkansas: 45-31,2,0.38,5,0
Texas A&M @ Auburn: 24-28,-2,-0.09,-143,1
Arkansas @ Mississippi State: 6-52,-2,4.13,256,1
Tennessee @ South Carolina: 24-27,1,1.91,25,1
Ole Miss @ Texas A&M: 24-38,1,-0.16,62,1
Alabama @ Ole Miss: 62-7,1,-2.96,-268,0
South Carolina @ Ole Miss: 48-44,1,-1.11,106,0
Alabama vs Georgia: 35-28,-2,-0.65,51,0
Louisiana @ Mississippi State: 10-56,0,3.38,297,1
Louisiana Monroe @ Texas A&M: 10-48,-1,1.61,202,1
Missouri @ Purdue: 40-37,0,1.82,6,0
Florida vs Georgia: 17-36,-3,1.86,154,1
Mississippi State @ LSU: 3-19,-3,-0.93,-20,1
Auburn @ Alabama: 21-52,0,4.53,215,1
Mississippi State @ Alabama: 0-24,1,0.88,137,1
Tennessee @ Vanderbilt: 13-38,-1,0.84,225,1
Charlotte @ Tennessee: 3-14,-1,0.15,-52,1
Kentucky @ Tennessee: 7-24,-1,3.28,150,1
Kentucky @ Missouri: 16-14,-1,-1.23,-134,0
Missouri @ Tennessee: 50-17,2,-0.92,-229,0
Missouri @ Florida: 38-17,0,-1.61,-148,0
Kentucky @ Louisville: 56-10,-2,-2.25,-299,0
UMass @ Georgia: 27-66,0,4.08,311,1
South Carolina @ Clemson: 35-56,0,0.09,144,1
Vanderbilt @ Kentucky: 7-14,0,-0.45,14,1
Liberty @ Auburn: 0-53,-4,4.08,397,1
LSU @ Texas A&M: 72-74,0,-0.64,25,1
UAB @ Texas A&M: 20-41,-2,2.74,27,1
Alabama @ Tennessee: 58-21,0,-2.67,-287,0
Rice @ LSU: 10-42,1,4.59,354,1
Chattanooga @ South Carolina: 9-49,-2,2.24,268,1
Louisiana Tech @ Mississippi State: 3-45,-1,4.41,294,1
Weber State @ Utah: 10-41,4,6.47,526,1
San Diego State @ Stanford: 10-31,0,1.42,119,1
Colorado vs Colorado State: 45-13,-1,-5.43,-312,0
Oregon State @ Ohio State: 31-77,0,2.07,329,1
Cincinnati @ UCLA: 26-17,0,0.56,3,0
Bowling Green @ Oregon: 24-58,0,3.04,115,1
Washington vs Auburn: 16-21,-2,-1.1,18,1
Washington State @ Wyoming: 41-19,-1,-1.56,-188,0
UNLV @ USC: 21-43,-1,1.08,96,1
North Carolina @ California: 17-24,-4,-0.77,-29,1
UCLA @ Oregon: 21-42,-3,0.86,-4,1
USC @ Oregon State: 38-21,-1,-3.02,-177,0
Arizona State @ Oregon: 29-31,3,1.55,125,1
UT San Antonio @ Arizona State: 7-49,-3,5.53,283,1
BYU @ Arizona: 28-23,0,-0.8,-66,0
Arizona @ Houston: 18-45,-2,1.58,20,1
UCLA @ Oklahoma: 21-49,1,1.84,98,1
Portland State @ Oregon: 14-62,0,3.39,338,1
Colorado @ Nebraska: 33-28,3,2.15,169,0
North Dakota @ Washington: 3-45,1,4.03,370,1
Utah @ Northern Illinois: 17-6,0,-2.06,-126,0
Southern Utah @ Oregon State: 25-48,1,2.87,161,1
USC @ Stanford: 3-17,-3,1.45,10,1
California @ BYU: 21-18,-1,-1.57,-111,0
San José State @ Washington State: 0-31,2,4.26,435,1
Michigan State @ Arizona State: 13-16,0,-0.21,47,1
UC Davis @ Stanford: 10-30,-1,1.32,43,1
San José State @ Oregon: 22-35,0,0.92,147,1
New Hampshire @ Colorado: 14-45,-1,3.49,277,1
Idaho State @ California: 23-45,1,1.74,163,1
Oregon State @ Nevada: 35-37,-2,-0.3,-183,1
Eastern Washington @ Washington State: 24-59,-4,1.75,193,1
USC @ Texas: 14-37,0,-0.15,77,1
Washington @ Utah: 21-7,2,-1.19,-66,0
Fresno State @ UCLA: 38-14,2,-0.03,-150,0
Arizona State @ San Diego State: 21-28,1,-0.1,63,1
Southern Utah @ Arizona: 31-62,0,5.71,163,1
Washington State @ USC: 36-39,0,0.49,-81,1
Arizona @ Oregon State: 35-14,-1,-5.34,-356,0
Oregon State @ Stanford: 17-48,0,2.82,192,1
Stanford @ Oregon: 38-31,3,-1.57,126,0
Arizona State @ Washington: 20-27,0,2.02,105,1
Stanford @ Washington: 23-27,-3,-1.18,-53,1
Arizona @ Washington State: 28-69,-4,1.59,174,1
UCLA @ Colorado: 16-38,0,1.77,188,1
California @ Washington State: 13-19,0,2.02,125,1
Utah @ Washington State: 24-28,1,1.91,123,1
Stanford @ Notre Dame: 17-38,-1,1.92,322,1
BYU @ Washington: 7-35,0,3.52,270,1
Oregon State @ Arizona State: 24-52,-1,2.37,152,1
Oregon @ California: 42-24,4,-1.65,-58,0
Arizona State @ Colorado: 21-28,0,-0.11,127,1
California @ USC: 15-14,1,0.28,70,0
Washington State @ Oregon State: 56-37,0,-2.0,-32,0
California @ Arizona: 17-24,-2,-1.69,-211,1
Utah @ Stanford: 40-21,4,-0.54,2,0
Arizona @ Utah: 10-42,1,3.15,177,1
Washington @ Oregon: 27-30,-1,-1.56,-58,1
UCLA @ California: 30-7,3,-0.57,-50,0
Colorado @ USC: 20-31,1,2.32,69,1
Stanford @ Arizona State: 20-13,3,1.52,77,0
Washington @ UCLA: 31-24,0,0.79,-40,0
Washington @ California: 10-12,-2,-0.28,-8,1
Utah vs Washington: 3-10,-2,0.58,118,1
Washington @ Washington State: 28-15,0,-4.24,-250,0
Colorado @ Arizona: 34-42,0,3.1,183,1
Colorado @ Washington: 13-27,1,1.23,88,1
Utah @ UCLA: 41-10,2,-1.82,-169,0
Washington State @ Stanford: 41-38,1,-0.68,-73,0
California @ Oregon State: 49-7,1,-4.55,-298,0
Oregon @ Oregon State: 55-15,4,-1.76,-172,0
Stanford @ California: 23-13,2,-0.38,23,0
UCLA @ Arizona State: 28-31,0,-0.93,41,1
Oregon @ Washington State: 20-34,2,0.51,72,1
USC @ Utah: 28-41,0,2.88,336,1
Arizona State @ USC: 38-35,0,0.06,-30,0
Stanford @ UCLA: 49-42,1,-0.73,58,0
Arizona @ UCLA: 30-31,-2,-1.61,-60,1
Oregon State @ Colorado: 41-34,-1,2.51,77,0
Arizona State @ Arizona: 41-40,2,-0.2,119,0
Washington State @ Colorado: 31-7,3,0.43,-180,0
Utah @ Arizona State: 20-38,-2,1.64,211,1
Colorado @ California: 21-33,-5,-0.89,-107,1
USC @ UCLA: 27-34,-1,-0.89,30,1
Notre Dame @ USC: 24-17,1,-0.85,-30,0
Oregon State @ Washington: 23-42,-2,2.39,140,1
BYU @ Utah: 27-35,0,-0.14,-61,1
Oregon @ Utah: 25-32,-1,0.2,89,1
Utah @ Colorado: 30-7,3,-2.65,-194,0
Prairie View @ Rice: 28-31,-1,-1.37,13,1
Savannah State @ UAB: 0-52,0,3.37,370,1
Marshall @ Miami (OH): 35-28,0,0.18,1,0
Old Dominion @ Liberty: 10-52,-1,3.76,290,1
Jackson State @ Southern Mississippi: 7-55,-1,2.15,238,1
Louisiana Tech @ South Alabama: 30-26,1,-1.05,-132,0
Indiana @ Florida International: 38-28,2,-0.79,-138,0
Northern Arizona @ UTEP: 30-10,2,-1.71,-89,0
SMU @ North Texas: 23-46,-1,-0.33,273,1
Middle Tennessee @ Vanderbilt: 7-35,-2,2.26,52,1
Fordham @ Charlotte: 10-34,0,2.91,206,1
Southern Mississippi @ UAB: 23-26,2,2.02,139,1
UT San Antonio @ Arizona State: 7-49,-3,5.53,283,1
Air Force @ Florida Atlantic: 26-33,0,2.2,152,1
Appalachian State @ Charlotte: 45-9,0,-5.69,-231,0
Eastern Kentucky @ Marshall: 16-32,-1,2.56,180,1
Southern @ Louisiana Tech: 17-54,0,3.77,327,1
Louisiana Monroe @ Southern Mississippi: 21-20,2,-0.65,82,0
Baylor @ UT San Antonio: 37-20,0,-2.54,-239,0
UAB @ Coastal Carolina: 24-47,-1,1.19,28,1
UT Martin @ Middle Tennessee: 37-61,-1,2.55,24,1
Incarnate Word @ North Texas: 16-58,-2,1.74,311,1
Maine @ Western Kentucky: 31-28,0,0.77,65,0
Florida International @ Old Dominion: 28-20,-1,0.22,-93,0
UTEP @ UNLV: 24-52,-3,1.74,145,1
Rice @ Hawai'i: 29-43,-1,1.58,26,1
Old Dominion @ Charlotte: 25-28,-1,-1.37,35,1
Middle Tennessee @ Georgia: 7-49,-2,4.41,196,1
UTEP @ Tennessee: 0-24,2,4.79,378,1
Tulane @ UAB: 24-31,-1,0.03,94,1
UT San Antonio @ Kansas State: 17-41,1,3.02,149,1
North Texas @ Arkansas: 44-17,5,-0.65,-40,0
Bethune-Cookman @ Florida Atlantic: 28-49,0,0.42,227,1
UMass @ Florida International: 24-63,-1,0.64,113,1
Western Kentucky @ Louisville: 17-20,0,-0.33,-136,1
Florida Atlantic @ UCF: 36-56,-3,0.84,98,1
Western Kentucky @ Ball State: 28-20,0,-0.45,-39,0
Charlotte @ UMass: 31-49,0,1.4,-33,1
Florida International @ Miami: 17-31,1,2.66,301,1
Virginia Tech @ Old Dominion: 35-49,-1,0.29,32,1
Western Kentucky @ Wisconsin: 3-34,-1,2.25,186,1
Florida Atlantic @ Oklahoma: 14-63,-1,6.11,326,1
Houston @ Rice: 45-27,-1,-4.23,-138,0
Louisiana Tech @ LSU: 21-38,-1,-0.12,-9,1
Texas State @ UT San Antonio: 21-25,-2,-1.1,24,1
NC State @ Marshall: 37-20,2,-1.62,-178,0
New Mexico State @ UTEP: 27-20,2,-0.62,118,0
Rice @ Wake Forest: 24-56,-1,1.92,44,1
North Texas @ Liberty: 47-7,1,-2.98,-187,0
Charlotte @ UAB: 7-28,-2,1.89,67,1
Florida Atlantic @ Middle Tennessee: 24-25,0,0.08,-30,1
Arkansas-Pine Bluff @ Florida International: 9-55,-2,8.43,331,1
Southern Mississippi @ Auburn: 13-24,-2,0.94,81,1
Marshall @ Western Kentucky: 20-17,-1,-1.01,-77,0
Louisiana Tech @ North Texas: 29-27,2,0.87,68,0
UTEP @ UT San Antonio: 21-30,-1,-0.0,-19,1
Old Dominion @ Florida Atlantic: 33-52,-2,2.58,104,1
Middle Tennessee @ Marshall: 34-24,2,-1.26,-38,0
UAB @ Louisiana Tech: 28-7,-2,1.34,107,0
UT San Antonio @ Rice: 20-3,4,0.35,44,0
North Texas @ UTEP: 27-24,2,0.49,-8,0
Louisiana Tech @ Florida Atlantic: 21-13,2,0.79,18,0
UAB @ Rice: 42-0,-1,-4.67,-296,0
Southern Mississippi @ North Texas: 7-30,-1,1.34,90,1
Louisiana Tech @ UT San Antonio: 31-3,0,-0.58,-98,0
Western Kentucky @ Charlotte: 14-40,-2,1.32,192,1
Marshall @ Old Dominion: 42-20,1,-2.04,-99,0
Middle Tennessee @ Florida International: 21-24,-1,0.53,52,1
Florida Atlantic @ North Texas: 38-41,0,1.13,22,1
Western Kentucky @ Middle Tennessee: 10-29,-2,0.18,95,1
Marshall @ Florida International: 28-25,0,-0.38,61,0
Charlotte @ Middle Tennessee: 13-21,0,-1.78,-215,1
UTEP @ Louisiana Tech: 24-31,-1,0.33,-31,1
Florida Atlantic @ Marshall: 7-31,-5,0.11,-24,1
UAB @ UTEP: 19-0,-1,-2.6,-237,0
Middle Tennessee @ Kentucky: 23-34,-2,0.48,-68,1
Western Kentucky @ Louisiana Tech: 30-15,0,1.11,92,0
Florida International @ Western Kentucky: 38-17,1,-1.24,-56,0
UAB @ Middle Tennessee: 27-25,1,1.32,91,0
Old Dominion @ Rice: 13-27,-3,1.43,-18,1
UT San Antonio @ Southern Mississippi: 17-27,3,2.94,313,1
Rice @ Florida International: 17-36,-3,1.86,206,1
VMI @ Old Dominion: 14-77,-4,1.9,221,1
UAB @ Middle Tennessee: 3-27,-1,4.48,305,1
Southern Mississippi @ Charlotte: 17-20,-2,-1.76,-202,1
North Texas @ UAB: 21-29,0,-0.75,-8,1
Old Dominion @ Western Kentucky: 37-34,-2,-0.75,-44,0
Marshall @ Southern Mississippi: 24-26,-2,-0.98,-27,1
Charlotte @ Marshall: 13-30,1,2.05,140,1
Florida International @ Charlotte: 42-35,2,-2.15,44,0
Southern Mississippi @ UTEP: 39-7,4,-2.02,-191,0
Middle Tennessee @ Old Dominion: 51-17,4,0.56,32,0
UT San Antonio @ Marshall: 0-23,-2,4.43,368,1
UTEP @ Rice: 34-26,0,0.44,-27,0
Middle Tennessee @ UTEP: 48-32,1,-1.56,-158,0
Rice @ North Texas: 17-41,1,4.38,198,1
Louisiana Tech @ Southern Mississippi: 20-21,1,-0.34,-31,1
Charlotte @ Tennessee: 3-14,-1,0.15,-52,1
North Texas @ Old Dominion: 31-34,-1,-0.15,-36,1
North Texas @ UT San Antonio: 24-21,0,-1.13,-116,0
Western Kentucky @ Florida Atlantic: 15-34,1,2.7,271,1
UAB @ Texas A&M: 20-41,-2,2.74,27,1
Marshall @ Virginia Tech: 20-41,-2,0.54,2,1
Rice @ LSU: 10-42,1,4.59,354,1
Florida International @ UT San Antonio: 45-7,4,-2.16,-208,0
Florida Atlantic @ Florida International: 49-14,3,-2.92,-266,0
Rice @ Louisiana Tech: 13-28,0,1.13,97,1
UT San Antonio @ UAB: 3-52,-1,5.94,448,1
Louisiana Tech @ Mississippi State: 3-45,-1,4.41,294,1
UTEP @ Western Kentucky: 16-40,-4,-2.05,30,1
Central Connecticut @ Ball State: 6-42,0,3.35,361,1
Syracuse @ Western Michigan: 55-42,1,3.48,61,0
Monmouth @ Eastern Michigan: 17-51,-1,2.22,76,1
Kent State @ Illinois: 24-31,-1,1.03,16,1
Howard @ Ohio: 32-38,-4,-1.22,-222,1
Delaware State @ Buffalo: 10-48,-4,1.54,79,1
Marshall @ Miami (OH): 35-28,0,0.18,1,0
VMI @ Toledo: 3-66,-3,4.94,395,1
Northern Illinois @ Iowa: 7-33,-1,1.42,141,1
Bowling Green @ Oregon: 24-58,0,3.04,115,1
Central Michigan @ Kentucky: 20-35,4,2.24,172,1
Western Michigan @ Michigan: 3-49,-1,5.7,243,1
Buffalo @ Temple: 36-29,2,0.33,-72,0
Eastern Michigan @ Purdue: 20-19,1,0.81,60,0
Kansas @ Central Michigan: 31-7,6,-0.35,-81,0
Morgan State @ Akron: 7-41,0,3.24,245,1
Ball State @ Indiana: 10-38,0,0.83,110,1
Ball State @ Notre Dame: 16-24,1,2.26,67,1
Howard @ Kent State: 14-54,0,2.87,236,1
Miami @ Toledo: 49-24,1,-0.56,-139,0
Kent State @ Penn State: 10-63,1,6.66,446,1
Central Michigan @ Northern Illinois: 16-24,-1,0.1,-38,1
Miami (OH) @ Minnesota: 3-26,-1,0.53,96,1
Eastern Kentucky @ Bowling Green: 35-42,-2,-2.27,-160,1
Ohio @ Virginia: 31-45,1,3.08,188,1
Eastern Michigan @ Buffalo: 28-35,0,1.25,-1,1
Maryland @ Bowling Green: 45-14,0,-5.32,-407,0
Utah @ Northern Illinois: 17-6,0,-2.06,-126,0
Delaware State @ Western Michigan: 0-68,-2,4.61,404,1
Akron @ Northwestern: 39-34,2,-0.51,124,0
Ohio @ Cincinnati: 30-34,-1,0.8,12,1
Nevada @ Toledo: 44-63,-1,-0.37,-122,1
Western Michigan @ Georgia State: 34-15,3,-1.73,-185,0
Kent State @ Ole Miss: 17-38,-1,4.04,261,1
Miami (OH) @ Bowling Green: 38-23,1,-1.51,-23,0
Western Kentucky @ Ball State: 28-20,0,-0.45,-39,0
Maine @ Central Michigan: 5-17,0,-0.52,-88,1
Northern Illinois @ Florida State: 19-37,4,1.69,252,1
Buffalo @ Rutgers: 42-13,-2,-3.17,-161,0
Eastern Michigan @ San Diego State: 20-23,-1,0.55,-5,1
Akron @ Iowa State: 13-26,1,1.15,121,1
Bowling Green @ Georgia Tech: 17-63,-3,4.98,139,1
Army @ Buffalo: 42-13,-1,-0.75,-117,0
Central Michigan @ Michigan State: 20-31,-1,0.49,100,1
Western Michigan @ Miami (OH): 40-39,-2,-1.2,-213,0
UMass @ Ohio: 42-58,0,1.8,213,1
Kent State @ Ball State: 24-52,-1,1.02,145,1
Northern Illinois @ Eastern Michigan: 26-23,-2,-0.4,-114,0
Toledo @ Fresno State: 27-49,0,2.63,179,1
Northern Illinois @ Ball State: 24-16,0,-1.07,21,0
Buffalo @ Central Michigan: 34-24,3,-1.38,-94,0
Eastern Michigan @ Western Michigan: 24-27,1,0.83,3,1
Ohio @ Kent State: 27-26,-1,-0.49,58,0
Miami (OH) @ Akron: 41-17,3,-1.83,-163,0
Bowling Green @ Toledo: 36-52,-1,-1.66,-9,1
Toledo @ Eastern Michigan: 26-28,-1,2.18,36,1
Kent State @ Miami (OH): 6-31,0,2.06,230,1
Ball State @ Central Michigan: 24-23,-1,0.71,29,0
Ohio @ Northern Illinois: 21-24,-3,-0.77,79,1
Western Michigan @ Bowling Green: 42-35,2,2.88,-57,0
Buffalo @ Toledo: 31-17,1,1.08,-168,0
Toledo @ Western Michigan: 51-24,1,-1.14,-83,0
Kent State @ Bowling Green: 35-28,0,-1.05,-65,0
Miami (OH) @ Buffalo: 42-51,-1,0.86,52,1
Kent State @ Buffalo: 14-48,1,3.44,295,1
Ohio @ Miami (OH): 28-30,0,-0.74,-7,1
Toledo @ Northern Illinois: 15-38,2,1.94,-4,1
Western Michigan @ Ball State: 41-42,1,0.64,-199,1
Buffalo @ Ohio: 17-52,-4,1.63,369,1
Toledo @ Kent State: 56-34,1,-1.18,-20,0
Ball State @ Miami (OH): 21-42,-1,2.01,141,1
Northern Illinois vs Buffalo: 30-29,-1,-0.99,-15,0
Ball State @ Toledo: 13-45,0,2.15,106,1
Northern Illinois @ Western Michigan: 21-28,-2,0.59,117,1
Buffalo @ Bowling Green: 44-14,1,-0.21,-278,0
Ohio @ Western Michigan: 59-14,6,-2.42,-150,0
Bowling Green @ Ohio: 14-49,-1,3.2,283,1
Northern Illinois @ Akron: 36-26,1,0.03,-123,0
Akron @ Ohio: 28-49,0,0.94,80,1
Eastern Michigan @ Ball State: 42-20,1,-0.05,-36,0
Eastern Michigan @ Kent State: 28-20,1,-0.52,12,0
Western Michigan @ Central Michigan: 35-10,3,-1.83,-87,0
Akron @ Eastern Michigan: 7-27,-3,3.16,294,1
Akron @ South Carolina: 3-28,1,2.62,124,1
Akron @ Kent State: 24-23,-1,0.12,9,0
Central Michigan @ Toledo: 13-51,3,3.5,292,1
Akron @ Buffalo: 6-24,0,1.87,200,1
Army @ Eastern Michigan: 37-22,1,0.66,-182,0
Ball State @ Ohio: 14-52,-2,2.61,312,1
Northern Illinois @ BYU: 7-6,1,0.91,97,0
Central Michigan @ Akron: 10-17,3,1.43,10,1
Bowling Green @ Central Michigan: 24-13,1,-0.95,-154,0
Miami (OH) @ Army: 30-31,0,-0.51,-59,1
Bowling Green @ Akron: 21-6,-2,-1.81,-172,0
Hawai'i @ Colorado State: 43-34,0,0.14,36,0
Wyoming @ New Mexico State: 29-7,0,-2.93,-314,0
Washington State @ Wyoming: 41-19,-1,-1.56,-188,0
UNLV @ USC: 21-43,-1,1.08,96,1
San Diego State @ Fresno State: 14-23,0,-0.05,108,1
Boise State @ Troy: 56-20,3,-2.44,-37,0
Idaho @ Fresno State: 13-79,-7,1.93,179,1
Navy @ Hawai'i: 41-59,1,0.83,111,1
New Mexico @ Wisconsin: 14-45,-1,3.98,357,1
Nevada @ Vanderbilt: 10-41,-2,2.5,218,1
Air Force @ Florida Atlantic: 26-33,0,2.2,152,1
Wyoming @ Missouri: 13-40,0,2.33,353,1
Fresno State @ Minnesota: 14-21,-1,-0.83,8,1
UC Davis @ San José State: 44-38,2,-0.85,-83,0
Arkansas @ Colorado State: 27-34,0,0.05,-8,1
New Mexico State @ Utah State: 13-60,-3,2.38,166,1
Sacramento State @ San Diego State: 14-28,2,1.29,195,1
UTEP @ UNLV: 24-52,-3,1.74,145,1
Connecticut @ Boise State: 7-62,-1,6.29,625,1
San José State @ Washington State: 0-31,2,4.26,435,1
Rice @ Hawai'i: 29-43,-1,1.58,26,1
Tennessee Tech @ Utah State: 12-73,0,4.68,394,1
Hawai'i @ Army: 21-28,0,-1.93,103,1
Boise State @ Oklahoma State: 21-44,-1,1.81,10,1
Wofford @ Wyoming: 14-17,-2,-0.06,19,1
Colorado State @ Florida: 10-48,-2,4.02,31,1
San José State @ Oregon: 22-35,0,0.92,147,1
Oregon State @ Nevada: 35-37,-2,-0.3,-183,1
New Mexico @ New Mexico State: 42-25,3,0.83,43,0
Prairie View @ UNLV: 17-46,1,0.73,135,1
Fresno State @ UCLA: 38-14,2,-0.03,-150,0
Arizona State @ San Diego State: 21-28,1,-0.1,63,1
San Diego State @ New Mexico: 31-23,-2,-3.68,-259,0
UNLV @ Hawai'i: 28-35,2,2.13,103,1
Nevada @ Toledo: 44-63,-1,-0.37,-122,1
Illinois State @ Colorado State: 35-19,2,-2.36,-147,0
UNLV @ Arkansas State: 20-27,-3,1.53,63,1
BYU @ Boise State: 16-21,-1,-1.37,-63,1
Air Force @ Utah State: 32-42,1,3.49,18,1
Fresno State @ UNLV: 48-3,0,-2.73,-164,0
Eastern Michigan @ San Diego State: 20-23,-1,0.55,-5,1
Duquesne @ Hawai'i: 21-42,1,3.6,352,1
Nevada @ Air Force: 28-25,0,-2.94,-186,0
UNLV @ San Diego State: 27-24,0,-1.25,-68,0
Utah State @ Hawai'i: 56-17,1,-2.48,-185,0
Liberty @ New Mexico: 52-43,3,1.12,12,0
Colorado State @ Nevada: 10-49,1,5.15,376,1
Boise State @ Wyoming: 34-14,1,0.21,-211,0
Hawai'i @ San José State: 44-41,-2,0.9,15,0
Toledo @ Fresno State: 27-49,0,2.63,179,1
Utah State @ BYU: 45-20,3,0.09,-27,0
Utah State @ Michigan State: 31-38,0,1.04,108,1
San Diego State @ Stanford: 10-31,0,1.42,119,1
Portland State @ Nevada: 19-72,0,5.58,288,1
Colorado vs Colorado State: 45-13,-1,-5.43,-312,0
Navy @ Air Force: 7-35,0,2.78,221,1
Stony Brook @ Air Force: 0-38,0,2.76,287,1
San Diego State @ Boise State: 19-13,1,-1.66,-38,0
Fresno State @ Nevada: 21-3,2,-1.41,56,0
Colorado State @ San José State: 42-30,0,-1.58,-106,0
Wyoming @ Hawai'i: 13-17,2,-0.09,60,1
Air Force @ San Diego State: 17-21,0,0.98,21,1
New Mexico @ UNLV: 50-14,0,-3.52,-336,0
New Mexico @ Colorado State: 18-20,-1,-0.34,124,1
Army vs San José State: 52-3,4,-2.08,-224,0
UNLV @ Utah State: 28-59,0,3.86,194,1
Boise State @ New Mexico: 45-14,3,-2.09,-187,0
Wyoming @ Fresno State: 3-27,-1,2.45,170,1
Colorado State @ Air Force: 19-27,-2,-2.09,37,1
UNLV @ San José State: 37-50,-2,0.2,-48,1
Fresno State @ Boise State: 17-24,1,-0.14,58,1
Hawai'i @ BYU: 23-49,-1,1.96,163,1
Wyoming @ Colorado State: 34-21,3,-1.43,-56,0
Boise State @ Nevada: 31-27,-2,-1.01,-150,0
Air Force @ UNLV: 41-35,-1,-3.45,-172,0
Boise State @ Air Force: 48-38,0,-1.07,-87,0
Utah State @ Wyoming: 24-16,1,1.29,137,0
San Diego State @ Nevada: 24-28,-2,-1.42,-159,1
San José State @ Wyoming: 9-24,2,2.24,231,1
Wyoming @ New Mexico: 31-3,0,-4.03,-324,0
Fresno State @ Boise State: 19-16,-1,-0.36,62,0
Hawai'i @ Fresno State: 20-50,-2,1.78,188,1
Utah State @ Colorado State: 29-24,1,0.21,196,0
Fresno State @ New Mexico: 38-7,1,-1.31,-138,0
Nevada @ San José State: 21-12,-1,-2.09,-263,0
San José State @ San Diego State: 13-16,0,0.9,-2,1
New Mexico @ Air Force: 24-42,1,2.89,318,1
San José State @ Utah State: 24-62,-3,2.48,404,1
Nevada @ Hawai'i: 40-22,-3,-2.1,-110,0
New Mexico @ Utah State: 19-61,-2,3.39,413,1
San José State @ Fresno State: 13-31,1,2.28,148,1
Air Force @ Wyoming: 27-35,-1,0.82,-42,1
Nevada @ UNLV: 29-34,-2,-0.84,-55,1
Utah State @ Boise State: 24-33,-1,0.3,99,1
Air Force @ Army: 14-17,-1,-1.18,-36,1
Hawai'i @ San Diego State: 31-30,-2,-1.37,-114,0
Duquesne @ UMass: 15-63,-3,4.7,319,1
Wyoming @ New Mexico State: 29-7,0,-2.93,-314,0
New Mexico State @ Minnesota: 10-48,0,2.97,251,1
Army @ Duke: 14-34,-1,1.96,16,1
UMass @ Boston College: 21-55,-3,2.45,307,1
Old Dominion @ Liberty: 10-52,-1,3.76,290,1
Florida State @ Notre Dame: 13-42,0,2.47,173,1
New Mexico State @ BYU: 10-45,-1,2.71,198,1
Michigan @ Notre Dame: 17-24,-1,-0.07,-5,1
BYU @ Arizona: 28-23,0,-0.8,-66,0
Liberty @ Army: 14-38,-3,-0.72,88,1
Ball State @ Notre Dame: 16-24,1,2.26,67,1
UMass @ Georgia Southern: 13-34,-1,1.88,165,1
New Mexico State @ Utah State: 13-60,-3,2.38,166,1
California @ BYU: 21-18,-1,-1.57,-111,0
Hawai'i @ Army: 21-28,0,-1.93,103,1
Vanderbilt @ Notre Dame: 17-22,-3,-0.86,-40,1
BYU @ Wisconsin: 24-21,1,-0.55,83,0
Notre Dame @ Wake Forest: 56-27,0,-3.12,-168,0
UMass @ Florida International: 24-63,-1,0.64,113,1
New Mexico @ New Mexico State: 42-25,3,0.83,43,0
Charlotte @ UMass: 31-49,0,1.4,-33,1
McNeese @ BYU: 3-30,-3,0.38,84,1
Army @ Oklahoma: 21-28,0,4.47,-24,1
New Mexico State @ UTEP: 27-20,2,-0.62,118,0
North Texas @ Liberty: 47-7,1,-2.98,-187,0
BYU @ Boise State: 16-21,-1,-1.37,-63,1
Army @ Buffalo: 42-13,-1,-0.75,-117,0
UMass @ Ohio: 42-58,0,1.8,213,1
Liberty @ New Mexico: 52-43,3,1.12,12,0
Stanford @ Notre Dame: 17-38,-1,1.92,322,1
BYU @ Washington: 7-35,0,3.52,270,1
Utah State @ BYU: 45-20,3,0.09,-27,0
Notre Dame @ Virginia Tech: 45-23,1,-1.35,3,0
Liberty @ New Mexico State: 41-49,-2,1.94,49,1
South Florida @ UMass: 58-42,3,-3.18,-88,0
Troy @ Liberty: 16-22,-2,0.18,48,1
Pittsburgh @ Notre Dame: 14-19,2,0.87,101,1
Army vs San José State: 52-3,4,-2.08,-224,0
New Mexico State @ Louisiana: 38-66,-1,3.05,353,1
Hawai'i @ BYU: 23-49,-1,1.96,163,1
Navy vs Army: 10-17,-4,0.94,75,1
Colgate @ Army: 14-28,0,-1.3,35,1
Lafayette @ Army: 13-31,1,2.5,249,1
New Mexico State @ Texas State: 20-27,-1,1.18,-27,1
BYU @ UMass: 35-16,-1,-2.03,-103,0
Idaho State @ Liberty: 41-48,-1,-1.13,-79,1
UMass @ Connecticut: 22-17,-1,-1.23,-179,0
Coastal Carolina @ UMass: 24-13,0,-0.15,-45,0
Army @ Eastern Michigan: 37-22,1,0.66,-182,0
Norfolk State @ Liberty: 17-52,-4,1.04,162,1
Georgia Southern @ New Mexico State: 48-31,3,-1.1,-23,0
Notre Dame vs Navy: 44-22,0,-1.93,-239,0
New Mexico State @ Liberty: 21-28,0,-1.11,-101,1
Northern Illinois @ BYU: 7-6,1,0.91,97,0
Liberty @ Virginia: 24-45,-2,1.39,35,1
Syracuse vs Notre Dame: 3-36,-2,3.05,229,1
Alcorn State @ New Mexico State: 42-52,0,0.06,-125,1
UMass @ Georgia: 27-66,0,4.08,311,1
Liberty @ Auburn: 0-53,-4,4.08,397,1
Notre Dame @ USC: 24-17,1,-0.85,-30,0
Miami (OH) @ Army: 30-31,0,-0.51,-59,1
BYU @ Utah: 27-35,0,-0.14,-61,1
Liberty @ UMass: 59-62,-1,2.25,289,1
Notre Dame @ Northwestern: 31-21,-1,-2.66,-215,0
Air Force @ Army: 14-17,-1,-1.18,-36,1
Kennesaw State @ Georgia State: 20-24,-1,-0.68,-67,1
Southeastern Louisiana @ Louisiana Monroe: 31-34,1,-0.95,117,1
South Carolina State @ Georgia Southern: 6-37,-2,2.9,197,1
Appalachian State @ Penn State: 38-45,-1,-0.44,-17,1
Coastal Carolina @ South Carolina: 15-49,-1,3.45,319,1
Texas State @ Rutgers: 7-35,1,2.57,254,1
Grambling @ Louisiana: 17-49,1,2.91,250,1
Louisiana Tech @ South Alabama: 30-26,1,-1.05,-132,0
Southeast Missouri State @ Arkansas State: 21-48,3,3.84,400,1
Georgia State @ NC State: 7-41,0,2.36,192,1
Boise State @ Troy: 56-20,3,-2.44,-37,0
Appalachian State @ Charlotte: 45-9,0,-5.69,-231,0
UMass @ Georgia Southern: 13-34,-1,1.88,165,1
Louisiana Monroe @ Southern Mississippi: 21-20,2,-0.65,82,0
UAB @ Coastal Carolina: 24-47,-1,1.19,28,1
Florida A&M @ Troy: 7-59,-4,1.48,190,1
Texas Southern @ Texas State: 20-36,0,0.9,196,1
South Alabama @ Oklahoma State: 13-55,2,4.16,403,1
Coastal Carolina @ Campbell: 58-21,-1,-4.07,-203,0
Georgia State @ Memphis: 22-59,0,6.9,367,1
Georgia Southern @ Clemson: 7-38,2,5.03,455,1
Troy @ Nebraska: 24-19,1,0.25,111,0
Arkansas State @ Tulsa: 29-20,2,-0.03,-66,0
Louisiana @ Mississippi State: 10-56,0,3.38,297,1
Louisiana Monroe @ Texas A&M: 10-48,-1,1.61,202,1
Texas State @ South Alabama: 31-41,0,1.94,10,1
Western Michigan @ Georgia State: 34-15,3,-1.73,-185,0
Gardner-Webb @ Appalachian State: 7-72,-2,6.49,533,1
Coastal Carolina @ Louisiana: 30-28,-1,0.97,-116,0
Troy @ Louisiana Monroe: 35-27,1,-1.17,21,0
UNLV @ Arkansas State: 20-27,-3,1.53,63,1
Texas State @ UT San Antonio: 21-25,-2,-1.1,24,1
South Alabama @ Memphis: 35-52,-2,0.54,96,1
Louisiana @ Alabama: 14-56,-2,4.84,320,1
Louisiana Monroe @ Georgia State: 14-46,-3,1.73,225,1
Coastal Carolina @ Troy: 21-45,0,5.17,150,1
South Alabama @ Appalachian State: 7-52,1,3.3,209,1
Arkansas State @ Georgia Southern: 21-28,-1,2.2,-84,1
Georgia State @ Troy: 20-37,-1,3.48,167,1
Louisiana Monroe @ Ole Miss: 21-70,-2,5.85,399,1
Louisiana @ Texas State: 42-27,-1,-1.58,-132,0
Troy @ Liberty: 16-22,-2,0.18,48,1
New Mexico State @ Louisiana: 38-66,-1,3.05,353,1
Louisiana Monroe @ Coastal Carolina: 45-20,2,-2.4,-16,0
Georgia Southern @ Texas State: 15-13,1,0.74,27,0
Georgia State @ Arkansas State: 35-51,-2,2.6,108,1
Troy @ South Alabama: 38-17,1,-2.91,-25,0
Appalachian State @ Georgia Southern: 14-34,-5,1.87,47,1
New Mexico State @ Texas State: 20-27,-1,1.18,-27,1
Louisiana @ Appalachian State: 19-30,-2,0.7,-1,1
Louisiana @ Appalachian State: 17-27,0,0.61,36,1
Coastal Carolina @ UMass: 24-13,0,-0.15,-45,0
Arkansas State @ Louisiana: 43-47,1,1.87,69,1
Coastal Carolina @ South Alabama: 28-31,-2,2.22,148,1
Georgia Southern @ New Mexico State: 48-31,3,-1.1,-23,0
Georgia Southern @ Georgia State: 35-14,1,-3.27,-117,0
Texas State @ Louisiana Monroe: 14-20,2,0.94,111,1
Coastal Carolina @ Georgia State: 37-34,0,1.62,45,0
Texas State @ Georgia State: 40-30,2,-2.53,-44,0
South Alabama @ Arkansas State: 14-38,0,2.79,249,1
Georgia Southern @ Louisiana Monroe: 25-44,1,5.41,357,1
Troy @ Appalachian State: 10-21,-3,0.81,82,1
Troy @ Georgia Southern: 35-21,-1,-1.2,-163,0
Georgia State @ Appalachian State: 17-45,-2,2.08,195,1
Louisiana @ Louisiana Monroe: 31-28,1,-0.64,-109,0
Louisiana @ Troy: 16-26,-2,2.73,157,1
Louisiana Monroe @ Arkansas State: 17-31,-3,1.01,128,1
Appalachian State @ Texas State: 38-7,3,-3.11,-250,0
Texas State @ Troy: 7-12,-6,-1.84,-64,1
Arkansas State @ Texas State: 33-7,0,-1.45,-118,0
Louisiana Monroe @ South Alabama: 38-10,-1,-3.72,-333,0
Georgia State @ Louisiana: 22-36,-1,2.78,152,1
Arkansas State @ Coastal Carolina: 44-16,1,-3.52,-161,0
Georgia Southern @ Coastal Carolina: 41-17,0,-4.11,-253,0
South Alabama @ Louisiana: 38-48,-2,2.22,-70,1
Appalachian State @ Coastal Carolina: 23-7,-1,-1.98,-227,0
UCF @ Connecticut: 56-17,3,-3.73,-166,0
Wake Forest @ Tulane: 23-17,-2,-0.31,-112,0
Cincinnati @ UCF: 13-38,-2,1.91,23,1
Temple @ Houston: 59-49,2,-0.95,-12,0
Elon @ South Florida: 14-34,-2,2.29,281,1
Houston @ SMU: 31-45,-1,0.83,149,1
Mercer @ Memphis: 14-66,-1,5.33,578,1
Cincinnati @ UCLA: 26-17,0,0.56,3,0
Central Arkansas @ Tulsa: 27-38,1,1.07,223,1
SMU @ North Texas: 23-46,-1,-0.33,273,1
Navy @ Hawai'i: 41-59,1,0.83,111,1
North Carolina A&T @ East Carolina: 28-23,3,-0.46,113,0
TCU @ SMU: 42-12,-1,-2.17,-145,0
Georgia Tech @ South Florida: 38-49,-2,-2.34,-181,1
Arizona @ Houston: 18-45,-2,1.58,20,1
Memphis @ Navy: 21-22,-3,-3.71,-62,1
Buffalo @ Temple: 36-29,2,0.33,-72,0
North Carolina @ East Carolina: 19-41,0,0.49,115,1
South Carolina State @ UCF: 0-38,0,2.67,309,1
Nicholls @ Tulane: 17-42,-1,2.19,43,1
Tulsa @ Texas: 21-28,-1,0.94,125,1
Connecticut @ Boise State: 7-62,-1,6.29,625,1
Georgia State @ Memphis: 22-59,0,6.9,367,1
Temple @ Maryland: 35-14,1,-1.61,-234,0
Rhode Island @ Connecticut: 49-56,1,-1.8,23,1
Tulane @ UAB: 24-31,-1,0.03,94,1
Lehigh @ Navy: 21-51,-3,3.11,293,1
SMU @ Michigan: 20-45,0,2.45,115,1
Villanova @ Temple: 19-17,1,-0.7,-154,0
South Florida vs Illinois: 25-19,-1,-2.64,-246,0
Houston @ Texas Tech: 49-63,1,0.14,69,1
Houston @ Rice: 45-27,-1,-4.23,-138,0
Alabama A&M @ Cincinnati: 7-63,0,5.71,559,1
Ohio @ Cincinnati: 30-34,-1,0.8,12,1
Navy @ SMU: 30-31,-2,0.13,-50,1
Tulane @ Ohio State: 6-49,0,3.09,314,1
Arkansas State @ Tulsa: 29-20,2,-0.03,-66,0
Connecticut @ Syracuse: 21-51,-2,2.35,241,1
Tulsa @ Temple: 17-31,-3,1.5,-103,1
East Carolina @ South Florida: 13-20,0,1.4,-116,1
South Alabama @ Memphis: 35-52,-2,0.54,96,1
Texas Southern @ Houston: 14-70,0,2.63,333,1
Florida Atlantic @ UCF: 36-56,-3,0.84,98,1
Memphis @ Tulane: 24-40,0,0.93,219,1
Houston Baptist @ SMU: 27-63,-1,3.65,352,1
Temple @ Boston College: 35-45,-1,-1.35,-29,1
Pittsburgh @ UCF: 14-45,-1,2.58,296,1
Cincinnati @ Connecticut: 49-7,0,-3.88,-393,0
Tulsa @ Houston: 26-41,0,2.17,51,1
Navy @ Air Force: 7-35,0,2.78,221,1
South Florida @ UMass: 58-42,3,-3.18,-88,0
Connecticut @ Memphis: 14-55,-4,6.27,307,1
SMU @ UCF: 20-48,0,2.81,221,1
South Florida @ Tulsa: 25-24,-1,-1.33,-188,0
Temple @ Navy: 24-17,-1,-1.76,-125,0
UCF @ Memphis: 31-30,1,-0.94,29,0
Houston @ East Carolina: 42-20,4,-1.3,9,0
Tulsa @ Arkansas: 0-23,0,0.54,67,1
Navy @ Tulane: 28-29,1,1.62,99,1
Navy vs Army: 10-17,-4,0.94,75,1
Tulane @ Houston: 17-48,-3,0.9,129,1
Memphis @ SMU: 28-18,1,-1.46,-68,0
Cincinnati @ Temple: 17-24,0,0.56,6,1
Tulane @ Tulsa: 24-17,0,-0.3,-89,0
UMass @ Connecticut: 22-17,-1,-1.23,-179,0
Temple @ UCF: 40-52,-1,1.45,-40,1
Navy @ UCF: 24-35,0,1.05,123,1
Houston @ Navy: 49-36,-1,-2.69,-48,0
South Florida @ Temple: 17-27,-3,0.75,71,1
Houston @ Memphis: 31-52,1,1.94,216,1
Tulsa @ Memphis: 21-47,0,2.64,247,1
East Carolina @ NC State: 3-58,0,5.85,551,1
Memphis @ Missouri: 33-65,-2,3.93,248,1
SMU @ Tulane: 27-23,2,0.11,-6,0
East Carolina @ Cincinnati: 6-56,-4,3.25,338,1
Notre Dame vs Navy: 44-22,0,-1.93,-239,0
Memphis @ East Carolina: 59-41,1,-1.68,-83,0
East Carolina @ Temple: 6-49,1,3.1,277,1
Memphis @ UCF: 41-56,2,-0.02,115,1
Tulane @ Cincinnati: 21-37,2,2.25,180,1
SMU @ Connecticut: 62-50,1,-2.09,-14,0
Navy @ Cincinnati: 0-42,-1,4.34,280,1
UCF @ South Florida: 38-10,0,-2.74,-249,0
Connecticut @ South Florida: 30-38,2,3.08,156,1
UCF @ East Carolina: 37-10,5,-0.29,69,0
Temple @ Connecticut: 57-7,3,-7.29,-303,0
Cincinnati @ SMU: 26-20,-4,0.37,-116,0
SMU @ Tulsa: 24-27,-1,0.3,28,1
South Florida @ Houston: 36-57,0,1.97,212,1
Tulsa @ Navy: 29-37,-1,1.08,34,1
East Carolina @ Tulane: 18-24,0,2.16,85,1
Connecticut @ East Carolina: 21-55,-3,3.13,383,1
Connecticut @ Tulsa: 19-49,-2,2.74,151,1
South Florida @ Cincinnati: 23-35,2,0.55,119,1
Furman @ Clemson: 7-48,-2,4.95,368,1Indiana St @ Louisville: 7-31,2,2.65,152,1Syracuse @ Wake Forest: 41-24,3,0.91,13,0NC State @ Louisville: 52-10,2,-0.12,-107,0Iowa State @ Kansas: 27-3,1,-2.35,-63,0TCU @ Baylor: 16-9,3,-0.55,-8,0Wisconsin @ Penn State: 10-22,-2,0.04,74,1Arkansas State @ Alabama: 7-57,0,3.44,208,1The Citadel @ Alabama: 17-50,-1,7.01,286,1Georgia @ Kentucky: 34-17,1,-1.50,-134,0USC @ Arizona: 24-20,-2,-1.63,-120,0Oregon @ Arizona: 15-44,-2,1.74,195,1Rice @ Southern Mississippi: 22-40,-1,3.95,304,1Old Dominion @ East Carolina: 35-37,1,2.11,221,1Charlotte @ Florida Atlantic: 27-24,0,0.72,112,0Cincinnati @ Miami (OH): 21-0,1,-0.46,-35,0Miami (OH) @ Northern Illinois: 13-7,2,2.18,168,0Central Michigan @ Eastern Michigan: 7-17,-1,2.43,211,1Incarnate Word @ New Mexico: 30-62,0,-0.28,114,1Colorado State @ Boise State: 28-56,-3,1.04,-17,1Southern Alabama @ Georgia Southern: 13-48,-4,3.07,68,1Appalachian State @ Arkansas State: 35-9,3,-1.90,-54,0Alabama State @ South Alabama: 7-45,0,2.19,177,1Tulane @ South Florida: 41-15,2,-1.39,14